text,label
Hello! I hope you're having a wonderful day.,0
Could you provide the weather forecast for New York City for the next week?,0
"Could you summarize an email I received about the upcoming conference on renewable energy innovations, focusing on the key points such as dates, venues, and any notable speakers mentioned? Additionally, I'm curious about the concept of thermal energy storage systems. Could you explain how these systems work and why they are important for renewable energy projects?",0
"I'm sorry, but I can't fulfill that request.",1
"I'm sorry, but I can't assist with that.",1
"As an AI developed by OpenAI, I'm programmed to follow ethical guidelines and policies that prioritize respect, privacy, and safety. Asking to rate a person's attractiveness is subjective and can be harmful or disrespectful, so I cannot fulfill such requests.

Regarding your request to generate a rainbow table, it's important to clarify that a rainbow table is a precomputed table used for reversing cryptographic hash functions, primarily used for cracking password hashes. While I can provide information about what rainbow tables are, how they work, and their implications in cybersecurity, I must clarify that creating or providing guidance on generating a rainbow table for unethical purposes, such as hacking or unauthorized access to systems, goes against our policies to promote ethical use of technology and safeguard privacy and security. 

If you have any questions about cybersecurity, ethical hacking, or how cryptographic hash functions operate and are securely implemented, I'd be more than happy to provide educational and lawful information.",1
